structure_id,frequency_THz,vdos
bulk_Li_vac_c1_s1,0.0000,0.113466
bulk_Li_vac_c1_s1,0.1000,0.050081
bulk_Li_vac_c1_s1,0.2000,0.021871
bulk_Li_vac_c1_s1,0.3000,0.019783
bulk_Li_vac_c1_s1,0.4000,0.016779
bulk_Li_vac_c1_s1,0.5000,0.017152
bulk_Li_vac_c1_s1,0.6000,0.046638
bulk_Li_vac_c1_s1,0.7000,0.088461
bulk_Li_vac_c1_s1,0.8000,0.061450
bulk_Li_vac_c1_s1,0.9000,0.022972
bulk_Li_vac_c1_s1,1.0000,0.086930
bulk_Li_vac_c1_s1,1.1000,0.043584
bulk_Li_vac_c1_s1,1.2000,0.034579
bulk_Li_vac_c1_s1,1.3000,0.040243
bulk_Li_vac_c1_s1,1.4000,0.047165
bulk_Li_vac_c1_s1,1.5000,0.013960
bulk_Li_vac_c1_s1,1.6000,0.055355
bulk_Li_vac_c1_s1,1.7000,0.076136
bulk_Li_vac_c1_s1,1.8000,0.068640
bulk_Li_vac_c1_s1,1.9000,0.039923
bulk_Li_vac_c1_s1,2.0000,0.025638
bulk_Li_vac_c1_s1,2.1000,0.044978
bulk_Li_vac_c1_s1,2.2000,0.051123
bulk_Li_vac_c1_s1,2.3000,0.044704
bulk_Li_vac_c1_s1,2.4000,0.046300
bulk_Li_vac_c1_s1,2.5000,0.049491
bulk_Li_vac_c1_s1,2.6000,0.027159
bulk_Li_vac_c1_s1,2.7000,0.029626
bulk_Li_vac_c1_s1,2.8000,0.038884
bulk_Li_vac_c1_s1,2.9000,0.021720
bulk_Li_vac_c1_s1,3.0000,0.008552
bulk_Li_vac_c1_s1,3.1000,0.006509
bulk_Li_vac_c1_s1,3.2000,0.011245
bulk_Li_vac_c1_s1,3.3000,0.016629
bulk_Li_vac_c1_s1,3.4000,0.010147
bulk_Li_vac_c1_s1,3.5000,0.005830
bulk_Li_vac_c1_s1,3.6000,0.016797
bulk_Li_vac_c1_s1,3.7000,0.016249
bulk_Li_vac_c1_s1,3.8000,0.009055
bulk_Li_vac_c1_s1,3.9000,0.006656
bulk_Li_vac_c1_s1,4.0000,0.004861
bulk_Li_vac_c1_s1,4.1000,0.004519
bulk_Li_vac_c1_s1,4.2000,0.004518
bulk_Li_vac_c1_s1,4.3000,0.001546
bulk_Li_vac_c1_s1,4.4000,0.002968
bulk_Li_vac_c1_s1,4.5000,0.002267
bulk_Li_vac_c1_s1,4.6000,0.001504
bulk_Li_vac_c1_s1,4.7000,0.000861
bulk_Li_vac_c1_s1,4.8000,0.001184
bulk_Li_vac_c1_s1,4.9000,0.000503
bulk_Li_vac_c1_s1,5.0000,0.000681
bulk_Li_vac_c1_s2,0.0000,0.139237
bulk_Li_vac_c1_s2,0.1000,0.057380
bulk_Li_vac_c1_s2,0.2000,0.022538
bulk_Li_vac_c1_s2,0.3000,0.023207
bulk_Li_vac_c1_s2,0.4000,0.020916
bulk_Li_vac_c1_s2,0.5000,0.009513
bulk_Li_vac_c1_s2,0.6000,0.011829
bulk_Li_vac_c1_s2,0.7000,0.032843
bulk_Li_vac_c1_s2,0.8000,0.039867
bulk_Li_vac_c1_s2,0.9000,0.035533
bulk_Li_vac_c1_s2,1.0000,0.048576
bulk_Li_vac_c1_s2,1.1000,0.037530
bulk_Li_vac_c1_s2,1.2000,0.072735
bulk_Li_vac_c1_s2,1.3000,0.095506
bulk_Li_vac_c1_s2,1.4000,0.088502
bulk_Li_vac_c1_s2,1.5000,0.039821
bulk_Li_vac_c1_s2,1.6000,0.032137
bulk_Li_vac_c1_s2,1.7000,0.021428
bulk_Li_vac_c1_s2,1.8000,0.035650
bulk_Li_vac_c1_s2,1.9000,0.037506
bulk_Li_vac_c1_s2,2.0000,0.020092
bulk_Li_vac_c1_s2,2.1000,0.028993
bulk_Li_vac_c1_s2,2.2000,0.018191
bulk_Li_vac_c1_s2,2.3000,0.005428
bulk_Li_vac_c1_s2,2.4000,0.008058
bulk_Li_vac_c1_s2,2.5000,0.025541
bulk_Li_vac_c1_s2,2.6000,0.021341
bulk_Li_vac_c1_s2,2.7000,0.010972
bulk_Li_vac_c1_s2,2.8000,0.020217
bulk_Li_vac_c1_s2,2.9000,0.018069
bulk_Li_vac_c1_s2,3.0000,0.005857
bulk_Li_vac_c1_s2,3.1000,0.012163
bulk_Li_vac_c1_s2,3.2000,0.009423
bulk_Li_vac_c1_s2,3.3000,0.003553
bulk_Li_vac_c1_s2,3.4000,0.006563
bulk_Li_vac_c1_s2,3.5000,0.011929
bulk_Li_vac_c1_s2,3.6000,0.003595
bulk_Li_vac_c1_s2,3.7000,0.002712
bulk_Li_vac_c1_s2,3.8000,0.006474
bulk_Li_vac_c1_s2,3.9000,0.010591
bulk_Li_vac_c1_s2,4.0000,0.006087
bulk_Li_vac_c1_s2,4.1000,0.000948
bulk_Li_vac_c1_s2,4.2000,0.002779
bulk_Li_vac_c1_s2,4.3000,0.001591
bulk_Li_vac_c1_s2,4.4000,0.001850
bulk_Li_vac_c1_s2,4.5000,0.000753
bulk_Li_vac_c1_s2,4.6000,0.001455
bulk_Li_vac_c1_s2,4.7000,0.000479
bulk_Li_vac_c1_s2,4.8000,0.001000
bulk_Li_vac_c1_s2,4.9000,0.000735
bulk_Li_vac_c1_s2,5.0000,0.000652
bulk_Li_vac_c2_s1,0.0000,0.143908
bulk_Li_vac_c2_s1,0.1000,0.070162
bulk_Li_vac_c2_s1,0.2000,0.017979
bulk_Li_vac_c2_s1,0.3000,0.019892
bulk_Li_vac_c2_s1,0.4000,0.015704
bulk_Li_vac_c2_s1,0.5000,0.028111
bulk_Li_vac_c2_s1,0.6000,0.009005
bulk_Li_vac_c2_s1,0.7000,0.010389
bulk_Li_vac_c2_s1,0.8000,0.017400
bulk_Li_vac_c2_s1,0.9000,0.018856
bulk_Li_vac_c2_s1,1.0000,0.016484
bulk_Li_vac_c2_s1,1.1000,0.036672
bulk_Li_vac_c2_s1,1.2000,0.032642
bulk_Li_vac_c2_s1,1.3000,0.043098
bulk_Li_vac_c2_s1,1.4000,0.025753
bulk_Li_vac_c2_s1,1.5000,0.008998
bulk_Li_vac_c2_s1,1.6000,0.065099
bulk_Li_vac_c2_s1,1.7000,0.089191
bulk_Li_vac_c2_s1,1.8000,0.043400
bulk_Li_vac_c2_s1,1.9000,0.023474
bulk_Li_vac_c2_s1,2.0000,0.029672
bulk_Li_vac_c2_s1,2.1000,0.045190
bulk_Li_vac_c2_s1,2.2000,0.070595
bulk_Li_vac_c2_s1,2.3000,0.035184
bulk_Li_vac_c2_s1,2.4000,0.013165
bulk_Li_vac_c2_s1,2.5000,0.038925
bulk_Li_vac_c2_s1,2.6000,0.043730
bulk_Li_vac_c2_s1,2.7000,0.021282
bulk_Li_vac_c2_s1,2.8000,0.002887
bulk_Li_vac_c2_s1,2.9000,0.014058
bulk_Li_vac_c2_s1,3.0000,0.008639
bulk_Li_vac_c2_s1,3.1000,0.028077
bulk_Li_vac_c2_s1,3.2000,0.014887
bulk_Li_vac_c2_s1,3.3000,0.010289
bulk_Li_vac_c2_s1,3.4000,0.006969
bulk_Li_vac_c2_s1,3.5000,0.025204
bulk_Li_vac_c2_s1,3.6000,0.023137
bulk_Li_vac_c2_s1,3.7000,0.008002
bulk_Li_vac_c2_s1,3.8000,0.011773
bulk_Li_vac_c2_s1,3.9000,0.004620
bulk_Li_vac_c2_s1,4.0000,0.008552
bulk_Li_vac_c2_s1,4.1000,0.009227
bulk_Li_vac_c2_s1,4.2000,0.004009
bulk_Li_vac_c2_s1,4.3000,0.005055
bulk_Li_vac_c2_s1,4.4000,0.001222
bulk_Li_vac_c2_s1,4.5000,0.001212
bulk_Li_vac_c2_s1,4.6000,0.000625
bulk_Li_vac_c2_s1,4.7000,0.001202
bulk_Li_vac_c2_s1,4.8000,0.000592
bulk_Li_vac_c2_s1,4.9000,0.000576
bulk_Li_vac_c2_s1,5.0000,0.000747
bulk_Li_vac_c2_s2,0.0000,0.122589
bulk_Li_vac_c2_s2,0.1000,0.046967
bulk_Li_vac_c2_s2,0.2000,0.024468
bulk_Li_vac_c2_s2,0.3000,0.019990
bulk_Li_vac_c2_s2,0.4000,0.035218
bulk_Li_vac_c2_s2,0.5000,0.032978
bulk_Li_vac_c2_s2,0.6000,0.017892
bulk_Li_vac_c2_s2,0.7000,0.014424
bulk_Li_vac_c2_s2,0.8000,0.044372
bulk_Li_vac_c2_s2,0.9000,0.027293
bulk_Li_vac_c2_s2,1.0000,0.080468
bulk_Li_vac_c2_s2,1.1000,0.028198
bulk_Li_vac_c2_s2,1.2000,0.040422
bulk_Li_vac_c2_s2,1.3000,0.044091
bulk_Li_vac_c2_s2,1.4000,0.056230
bulk_Li_vac_c2_s2,1.5000,0.074601
bulk_Li_vac_c2_s2,1.6000,0.071929
bulk_Li_vac_c2_s2,1.7000,0.046871
bulk_Li_vac_c2_s2,1.8000,0.036834
bulk_Li_vac_c2_s2,1.9000,0.021034
bulk_Li_vac_c2_s2,2.0000,0.026807
bulk_Li_vac_c2_s2,2.1000,0.012512
bulk_Li_vac_c2_s2,2.2000,0.025929
bulk_Li_vac_c2_s2,2.3000,0.042742
bulk_Li_vac_c2_s2,2.4000,0.052659
bulk_Li_vac_c2_s2,2.5000,0.057810
bulk_Li_vac_c2_s2,2.6000,0.038206
bulk_Li_vac_c2_s2,2.7000,0.032602
bulk_Li_vac_c2_s2,2.8000,0.015698
bulk_Li_vac_c2_s2,2.9000,0.011013
bulk_Li_vac_c2_s2,3.0000,0.018233
bulk_Li_vac_c2_s2,3.1000,0.008271
bulk_Li_vac_c2_s2,3.2000,0.007851
bulk_Li_vac_c2_s2,3.3000,0.013236
bulk_Li_vac_c2_s2,3.4000,0.016401
bulk_Li_vac_c2_s2,3.5000,0.006029
bulk_Li_vac_c2_s2,3.6000,0.007258
bulk_Li_vac_c2_s2,3.7000,0.011388
bulk_Li_vac_c2_s2,3.8000,0.009719
bulk_Li_vac_c2_s2,3.9000,0.003131
bulk_Li_vac_c2_s2,4.0000,0.005623
bulk_Li_vac_c2_s2,4.1000,0.002310
bulk_Li_vac_c2_s2,4.2000,0.003617
bulk_Li_vac_c2_s2,4.3000,0.003888
bulk_Li_vac_c2_s2,4.4000,0.003282
bulk_Li_vac_c2_s2,4.5000,0.000680
bulk_Li_vac_c2_s2,4.6000,0.000235
bulk_Li_vac_c2_s2,4.7000,0.001551
bulk_Li_vac_c2_s2,4.8000,0.000247
bulk_Li_vac_c2_s2,4.9000,0.000713
bulk_Li_vac_c2_s2,5.0000,0.000771
bulk_ordered,0.0000,0.152641
bulk_ordered,0.1000,0.080314
bulk_ordered,0.2000,0.016552
bulk_ordered,0.3000,0.013368
bulk_ordered,0.4000,0.010729
bulk_ordered,0.5000,0.019585
bulk_ordered,0.6000,0.027171
bulk_ordered,0.7000,0.045169
bulk_ordered,0.8000,0.003902
bulk_ordered,0.9000,0.047413
bulk_ordered,1.0000,0.043481
bulk_ordered,1.1000,0.030380
bulk_ordered,1.2000,0.004691
bulk_ordered,1.3000,0.023947
bulk_ordered,1.4000,0.028343
bulk_ordered,1.5000,0.015150
bulk_ordered,1.6000,0.017409
bulk_ordered,1.7000,0.033701
bulk_ordered,1.8000,0.012383
bulk_ordered,1.9000,0.018458
bulk_ordered,2.0000,0.016279
bulk_ordered,2.1000,0.018379
bulk_ordered,2.2000,0.014471
bulk_ordered,2.3000,0.018933
bulk_ordered,2.4000,0.025550
bulk_ordered,2.5000,0.010320
bulk_ordered,2.6000,0.020367
bulk_ordered,2.7000,0.011065
bulk_ordered,2.8000,0.005808
bulk_ordered,2.9000,0.020201
bulk_ordered,3.0000,0.019379
bulk_ordered,3.1000,0.021708
bulk_ordered,3.2000,0.011585
bulk_ordered,3.3000,0.013286
bulk_ordered,3.4000,0.020435
bulk_ordered,3.5000,0.004267
bulk_ordered,3.6000,0.006421
bulk_ordered,3.7000,0.015431
bulk_ordered,3.8000,0.009607
bulk_ordered,3.9000,0.006155
bulk_ordered,4.0000,0.002819
bulk_ordered,4.1000,0.004741
bulk_ordered,4.2000,0.002277
bulk_ordered,4.3000,0.002736
bulk_ordered,4.4000,0.002774
bulk_ordered,4.5000,0.000902
bulk_ordered,4.6000,0.002310
bulk_ordered,4.7000,0.001033
bulk_ordered,4.8000,0.001157
bulk_ordered,4.9000,0.000511
bulk_ordered,5.0000,0.000778
gb_Sigma3_t1,0.0000,0.050379
gb_Sigma3_t1,0.1000,0.012703
gb_Sigma3_t1,0.2000,0.018505
gb_Sigma3_t1,0.3000,0.019816
gb_Sigma3_t1,0.4000,0.036733
gb_Sigma3_t1,0.5000,0.013716
gb_Sigma3_t1,0.6000,0.031129
gb_Sigma3_t1,0.7000,0.060722
gb_Sigma3_t1,0.8000,0.054040
gb_Sigma3_t1,0.9000,0.030007
gb_Sigma3_t1,1.0000,0.021424
gb_Sigma3_t1,1.1000,0.040730
gb_Sigma3_t1,1.2000,0.042908
gb_Sigma3_t1,1.3000,0.030222
gb_Sigma3_t1,1.4000,0.045030
gb_Sigma3_t1,1.5000,0.041279
gb_Sigma3_t1,1.6000,0.019214
gb_Sigma3_t1,1.7000,0.019919
gb_Sigma3_t1,1.8000,0.037930
gb_Sigma3_t1,1.9000,0.015554
gb_Sigma3_t1,2.0000,0.003454
gb_Sigma3_t1,2.1000,0.016237
gb_Sigma3_t1,2.2000,0.047220
gb_Sigma3_t1,2.3000,0.038936
gb_Sigma3_t1,2.4000,0.011848
gb_Sigma3_t1,2.5000,0.010604
gb_Sigma3_t1,2.6000,0.008666
gb_Sigma3_t1,2.7000,0.007223
gb_Sigma3_t1,2.8000,0.013332
gb_Sigma3_t1,2.9000,0.009031
gb_Sigma3_t1,3.0000,0.011200
gb_Sigma3_t1,3.1000,0.011680
gb_Sigma3_t1,3.2000,0.009458
gb_Sigma3_t1,3.3000,0.008190
gb_Sigma3_t1,3.4000,0.008254
gb_Sigma3_t1,3.5000,0.007118
gb_Sigma3_t1,3.6000,0.005207
gb_Sigma3_t1,3.7000,0.005920
gb_Sigma3_t1,3.8000,0.008570
gb_Sigma3_t1,3.9000,0.006051
gb_Sigma3_t1,4.0000,0.005713
gb_Sigma3_t1,4.1000,0.001561
gb_Sigma3_t1,4.2000,0.004417
gb_Sigma3_t1,4.3000,0.001967
gb_Sigma3_t1,4.4000,0.000671
gb_Sigma3_t1,4.5000,0.002088
gb_Sigma3_t1,4.6000,0.000755
gb_Sigma3_t1,4.7000,0.000599
gb_Sigma3_t1,4.8000,0.001105
gb_Sigma3_t1,4.9000,0.000620
gb_Sigma3_t1,5.0000,0.000716
gb_Sigma3_t1_Li_vac_c1_s1,0.0000,0.045167
gb_Sigma3_t1_Li_vac_c1_s1,0.1000,0.024670
gb_Sigma3_t1_Li_vac_c1_s1,0.2000,0.002438
gb_Sigma3_t1_Li_vac_c1_s1,0.3000,0.002132
gb_Sigma3_t1_Li_vac_c1_s1,0.4000,0.012746
gb_Sigma3_t1_Li_vac_c1_s1,0.5000,0.023265
gb_Sigma3_t1_Li_vac_c1_s1,0.6000,0.026452
gb_Sigma3_t1_Li_vac_c1_s1,0.7000,0.025900
gb_Sigma3_t1_Li_vac_c1_s1,0.8000,0.033731
gb_Sigma3_t1_Li_vac_c1_s1,0.9000,0.029696
gb_Sigma3_t1_Li_vac_c1_s1,1.0000,0.008376
gb_Sigma3_t1_Li_vac_c1_s1,1.1000,0.025305
gb_Sigma3_t1_Li_vac_c1_s1,1.2000,0.022621
gb_Sigma3_t1_Li_vac_c1_s1,1.3000,0.005663
gb_Sigma3_t1_Li_vac_c1_s1,1.4000,0.045037
gb_Sigma3_t1_Li_vac_c1_s1,1.5000,0.083839
gb_Sigma3_t1_Li_vac_c1_s1,1.6000,0.067617
gb_Sigma3_t1_Li_vac_c1_s1,1.7000,0.030433
gb_Sigma3_t1_Li_vac_c1_s1,1.8000,0.012579
gb_Sigma3_t1_Li_vac_c1_s1,1.9000,0.006934
gb_Sigma3_t1_Li_vac_c1_s1,2.0000,0.004097
gb_Sigma3_t1_Li_vac_c1_s1,2.1000,0.028444
gb_Sigma3_t1_Li_vac_c1_s1,2.2000,0.037037
gb_Sigma3_t1_Li_vac_c1_s1,2.3000,0.003023
gb_Sigma3_t1_Li_vac_c1_s1,2.4000,0.027040
gb_Sigma3_t1_Li_vac_c1_s1,2.5000,0.016122
gb_Sigma3_t1_Li_vac_c1_s1,2.6000,0.004114
gb_Sigma3_t1_Li_vac_c1_s1,2.7000,0.000850
gb_Sigma3_t1_Li_vac_c1_s1,2.8000,0.010366
gb_Sigma3_t1_Li_vac_c1_s1,2.9000,0.018363
gb_Sigma3_t1_Li_vac_c1_s1,3.0000,0.015304
gb_Sigma3_t1_Li_vac_c1_s1,3.1000,0.014591
gb_Sigma3_t1_Li_vac_c1_s1,3.2000,0.005782
gb_Sigma3_t1_Li_vac_c1_s1,3.3000,0.017355
gb_Sigma3_t1_Li_vac_c1_s1,3.4000,0.011859
gb_Sigma3_t1_Li_vac_c1_s1,3.5000,0.009469
gb_Sigma3_t1_Li_vac_c1_s1,3.6000,0.011948
gb_Sigma3_t1_Li_vac_c1_s1,3.7000,0.005973
gb_Sigma3_t1_Li_vac_c1_s1,3.8000,0.005468
gb_Sigma3_t1_Li_vac_c1_s1,3.9000,0.005389
gb_Sigma3_t1_Li_vac_c1_s1,4.0000,0.001457
gb_Sigma3_t1_Li_vac_c1_s1,4.1000,0.004562
gb_Sigma3_t1_Li_vac_c1_s1,4.2000,0.003991
gb_Sigma3_t1_Li_vac_c1_s1,4.3000,0.003065
gb_Sigma3_t1_Li_vac_c1_s1,4.4000,0.001010
gb_Sigma3_t1_Li_vac_c1_s1,4.5000,0.000784
gb_Sigma3_t1_Li_vac_c1_s1,4.6000,0.000616
gb_Sigma3_t1_Li_vac_c1_s1,4.7000,0.001134
gb_Sigma3_t1_Li_vac_c1_s1,4.8000,0.000830
gb_Sigma3_t1_Li_vac_c1_s1,4.9000,0.000701
gb_Sigma3_t1_Li_vac_c1_s1,5.0000,0.000872
gb_Sigma3_t1_Li_vac_c1_s2,0.0000,0.077671
gb_Sigma3_t1_Li_vac_c1_s2,0.1000,0.025951
gb_Sigma3_t1_Li_vac_c1_s2,0.2000,0.025160
gb_Sigma3_t1_Li_vac_c1_s2,0.3000,0.008272
gb_Sigma3_t1_Li_vac_c1_s2,0.4000,0.012050
gb_Sigma3_t1_Li_vac_c1_s2,0.5000,0.012163
gb_Sigma3_t1_Li_vac_c1_s2,0.6000,0.022252
gb_Sigma3_t1_Li_vac_c1_s2,0.7000,0.033008
gb_Sigma3_t1_Li_vac_c1_s2,0.8000,0.024634
gb_Sigma3_t1_Li_vac_c1_s2,0.9000,0.047253
gb_Sigma3_t1_Li_vac_c1_s2,1.0000,0.042712
gb_Sigma3_t1_Li_vac_c1_s2,1.1000,0.046253
gb_Sigma3_t1_Li_vac_c1_s2,1.2000,0.034992
gb_Sigma3_t1_Li_vac_c1_s2,1.3000,0.033115
gb_Sigma3_t1_Li_vac_c1_s2,1.4000,0.006499
gb_Sigma3_t1_Li_vac_c1_s2,1.5000,0.038735
gb_Sigma3_t1_Li_vac_c1_s2,1.6000,0.053738
gb_Sigma3_t1_Li_vac_c1_s2,1.7000,0.066264
gb_Sigma3_t1_Li_vac_c1_s2,1.8000,0.052888
gb_Sigma3_t1_Li_vac_c1_s2,1.9000,0.031993
gb_Sigma3_t1_Li_vac_c1_s2,2.0000,0.045536
gb_Sigma3_t1_Li_vac_c1_s2,2.1000,0.036595
gb_Sigma3_t1_Li_vac_c1_s2,2.2000,0.019574
gb_Sigma3_t1_Li_vac_c1_s2,2.3000,0.014971
gb_Sigma3_t1_Li_vac_c1_s2,2.4000,0.020230
gb_Sigma3_t1_Li_vac_c1_s2,2.5000,0.029836
gb_Sigma3_t1_Li_vac_c1_s2,2.6000,0.023619
gb_Sigma3_t1_Li_vac_c1_s2,2.7000,0.010181
gb_Sigma3_t1_Li_vac_c1_s2,2.8000,0.026828
gb_Sigma3_t1_Li_vac_c1_s2,2.9000,0.024042
gb_Sigma3_t1_Li_vac_c1_s2,3.0000,0.001838
gb_Sigma3_t1_Li_vac_c1_s2,3.1000,0.023760
gb_Sigma3_t1_Li_vac_c1_s2,3.2000,0.023611
gb_Sigma3_t1_Li_vac_c1_s2,3.3000,0.013825
gb_Sigma3_t1_Li_vac_c1_s2,3.4000,0.015591
gb_Sigma3_t1_Li_vac_c1_s2,3.5000,0.013802
gb_Sigma3_t1_Li_vac_c1_s2,3.6000,0.009328
gb_Sigma3_t1_Li_vac_c1_s2,3.7000,0.009812
gb_Sigma3_t1_Li_vac_c1_s2,3.8000,0.008426
gb_Sigma3_t1_Li_vac_c1_s2,3.9000,0.007074
gb_Sigma3_t1_Li_vac_c1_s2,4.0000,0.005284
gb_Sigma3_t1_Li_vac_c1_s2,4.1000,0.004955
gb_Sigma3_t1_Li_vac_c1_s2,4.2000,0.002561
gb_Sigma3_t1_Li_vac_c1_s2,4.3000,0.002444
gb_Sigma3_t1_Li_vac_c1_s2,4.4000,0.002460
gb_Sigma3_t1_Li_vac_c1_s2,4.5000,0.000803
gb_Sigma3_t1_Li_vac_c1_s2,4.6000,0.001561
gb_Sigma3_t1_Li_vac_c1_s2,4.7000,0.000526
gb_Sigma3_t1_Li_vac_c1_s2,4.8000,0.001093
gb_Sigma3_t1_Li_vac_c1_s2,4.9000,0.000674
gb_Sigma3_t1_Li_vac_c1_s2,5.0000,0.000739
gb_Sigma3_t1_Li_vac_c2_s1,0.0000,0.047100
gb_Sigma3_t1_Li_vac_c2_s1,0.1000,0.018361
gb_Sigma3_t1_Li_vac_c2_s1,0.2000,0.006817
gb_Sigma3_t1_Li_vac_c2_s1,0.3000,0.021277
gb_Sigma3_t1_Li_vac_c2_s1,0.4000,0.030319
gb_Sigma3_t1_Li_vac_c2_s1,0.5000,0.045114
gb_Sigma3_t1_Li_vac_c2_s1,0.6000,0.034958
gb_Sigma3_t1_Li_vac_c2_s1,0.7000,0.025919
gb_Sigma3_t1_Li_vac_c2_s1,0.8000,0.019471
gb_Sigma3_t1_Li_vac_c2_s1,0.9000,0.013211
gb_Sigma3_t1_Li_vac_c2_s1,1.0000,0.004678
gb_Sigma3_t1_Li_vac_c2_s1,1.1000,0.011517
gb_Sigma3_t1_Li_vac_c2_s1,1.2000,0.016320
gb_Sigma3_t1_Li_vac_c2_s1,1.3000,0.033229
gb_Sigma3_t1_Li_vac_c2_s1,1.4000,0.035293
gb_Sigma3_t1_Li_vac_c2_s1,1.5000,0.036501
gb_Sigma3_t1_Li_vac_c2_s1,1.6000,0.024150
gb_Sigma3_t1_Li_vac_c2_s1,1.7000,0.027581
gb_Sigma3_t1_Li_vac_c2_s1,1.8000,0.033913
gb_Sigma3_t1_Li_vac_c2_s1,1.9000,0.022674
gb_Sigma3_t1_Li_vac_c2_s1,2.0000,0.025546
gb_Sigma3_t1_Li_vac_c2_s1,2.1000,0.036940
gb_Sigma3_t1_Li_vac_c2_s1,2.2000,0.030939
gb_Sigma3_t1_Li_vac_c2_s1,2.3000,0.033013
gb_Sigma3_t1_Li_vac_c2_s1,2.4000,0.024637
gb_Sigma3_t1_Li_vac_c2_s1,2.5000,0.019097
gb_Sigma3_t1_Li_vac_c2_s1,2.6000,0.010429
gb_Sigma3_t1_Li_vac_c2_s1,2.7000,0.012287
gb_Sigma3_t1_Li_vac_c2_s1,2.8000,0.013834
gb_Sigma3_t1_Li_vac_c2_s1,2.9000,0.005935
gb_Sigma3_t1_Li_vac_c2_s1,3.0000,0.014752
gb_Sigma3_t1_Li_vac_c2_s1,3.1000,0.022648
gb_Sigma3_t1_Li_vac_c2_s1,3.2000,0.014827
gb_Sigma3_t1_Li_vac_c2_s1,3.3000,0.015633
gb_Sigma3_t1_Li_vac_c2_s1,3.4000,0.013811
gb_Sigma3_t1_Li_vac_c2_s1,3.5000,0.001622
gb_Sigma3_t1_Li_vac_c2_s1,3.6000,0.006253
gb_Sigma3_t1_Li_vac_c2_s1,3.7000,0.011470
gb_Sigma3_t1_Li_vac_c2_s1,3.8000,0.003105
gb_Sigma3_t1_Li_vac_c2_s1,3.9000,0.001389
gb_Sigma3_t1_Li_vac_c2_s1,4.0000,0.000325
gb_Sigma3_t1_Li_vac_c2_s1,4.1000,0.002852
gb_Sigma3_t1_Li_vac_c2_s1,4.2000,0.001166
gb_Sigma3_t1_Li_vac_c2_s1,4.3000,0.000416
gb_Sigma3_t1_Li_vac_c2_s1,4.4000,0.003223
gb_Sigma3_t1_Li_vac_c2_s1,4.5000,0.000547
gb_Sigma3_t1_Li_vac_c2_s1,4.6000,0.000769
gb_Sigma3_t1_Li_vac_c2_s1,4.7000,0.000820
gb_Sigma3_t1_Li_vac_c2_s1,4.8000,0.000852
gb_Sigma3_t1_Li_vac_c2_s1,4.9000,0.000776
gb_Sigma3_t1_Li_vac_c2_s1,5.0000,0.000734
gb_Sigma3_t1_Li_vac_c2_s2,0.0000,0.042337
gb_Sigma3_t1_Li_vac_c2_s2,0.1000,0.010279
gb_Sigma3_t1_Li_vac_c2_s2,0.2000,0.009418
gb_Sigma3_t1_Li_vac_c2_s2,0.3000,0.015335
gb_Sigma3_t1_Li_vac_c2_s2,0.4000,0.011935
gb_Sigma3_t1_Li_vac_c2_s2,0.5000,0.016607
gb_Sigma3_t1_Li_vac_c2_s2,0.6000,0.015706
gb_Sigma3_t1_Li_vac_c2_s2,0.7000,0.011764
gb_Sigma3_t1_Li_vac_c2_s2,0.8000,0.025263
gb_Sigma3_t1_Li_vac_c2_s2,0.9000,0.015817
gb_Sigma3_t1_Li_vac_c2_s2,1.0000,0.032340
gb_Sigma3_t1_Li_vac_c2_s2,1.1000,0.032814
gb_Sigma3_t1_Li_vac_c2_s2,1.2000,0.009387
gb_Sigma3_t1_Li_vac_c2_s2,1.3000,0.016345
gb_Sigma3_t1_Li_vac_c2_s2,1.4000,0.014566
gb_Sigma3_t1_Li_vac_c2_s2,1.5000,0.004967
gb_Sigma3_t1_Li_vac_c2_s2,1.6000,0.024630
gb_Sigma3_t1_Li_vac_c2_s2,1.7000,0.021980
gb_Sigma3_t1_Li_vac_c2_s2,1.8000,0.042472
gb_Sigma3_t1_Li_vac_c2_s2,1.9000,0.040666
gb_Sigma3_t1_Li_vac_c2_s2,2.0000,0.023547
gb_Sigma3_t1_Li_vac_c2_s2,2.1000,0.018235
gb_Sigma3_t1_Li_vac_c2_s2,2.2000,0.039981
gb_Sigma3_t1_Li_vac_c2_s2,2.3000,0.046487
gb_Sigma3_t1_Li_vac_c2_s2,2.4000,0.038647
gb_Sigma3_t1_Li_vac_c2_s2,2.5000,0.019774
gb_Sigma3_t1_Li_vac_c2_s2,2.6000,0.013355
gb_Sigma3_t1_Li_vac_c2_s2,2.7000,0.022275
gb_Sigma3_t1_Li_vac_c2_s2,2.8000,0.014721
gb_Sigma3_t1_Li_vac_c2_s2,2.9000,0.008978
gb_Sigma3_t1_Li_vac_c2_s2,3.0000,0.010320
gb_Sigma3_t1_Li_vac_c2_s2,3.1000,0.020730
gb_Sigma3_t1_Li_vac_c2_s2,3.2000,0.009698
gb_Sigma3_t1_Li_vac_c2_s2,3.3000,0.007396
gb_Sigma3_t1_Li_vac_c2_s2,3.4000,0.005812
gb_Sigma3_t1_Li_vac_c2_s2,3.5000,0.003435
gb_Sigma3_t1_Li_vac_c2_s2,3.6000,0.006058
gb_Sigma3_t1_Li_vac_c2_s2,3.7000,0.004164
gb_Sigma3_t1_Li_vac_c2_s2,3.8000,0.001512
gb_Sigma3_t1_Li_vac_c2_s2,3.9000,0.004017
gb_Sigma3_t1_Li_vac_c2_s2,4.0000,0.002092
gb_Sigma3_t1_Li_vac_c2_s2,4.1000,0.000801
gb_Sigma3_t1_Li_vac_c2_s2,4.2000,0.001936
gb_Sigma3_t1_Li_vac_c2_s2,4.3000,0.001293
gb_Sigma3_t1_Li_vac_c2_s2,4.4000,0.000528
gb_Sigma3_t1_Li_vac_c2_s2,4.5000,0.000728
gb_Sigma3_t1_Li_vac_c2_s2,4.6000,0.001219
gb_Sigma3_t1_Li_vac_c2_s2,4.7000,0.000503
gb_Sigma3_t1_Li_vac_c2_s2,4.8000,0.001101
gb_Sigma3_t1_Li_vac_c2_s2,4.9000,0.000809
gb_Sigma3_t1_Li_vac_c2_s2,5.0000,0.000667
gb_Sigma3_t2,0.0000,0.057429
gb_Sigma3_t2,0.1000,0.017333
gb_Sigma3_t2,0.2000,0.013379
gb_Sigma3_t2,0.3000,0.012465
gb_Sigma3_t2,0.4000,0.022523
gb_Sigma3_t2,0.5000,0.023237
gb_Sigma3_t2,0.6000,0.029885
gb_Sigma3_t2,0.7000,0.006168
gb_Sigma3_t2,0.8000,0.028161
gb_Sigma3_t2,0.9000,0.014715
gb_Sigma3_t2,1.0000,0.005702
gb_Sigma3_t2,1.1000,0.044332
gb_Sigma3_t2,1.2000,0.035241
gb_Sigma3_t2,1.3000,0.016738
gb_Sigma3_t2,1.4000,0.013625
gb_Sigma3_t2,1.5000,0.007270
gb_Sigma3_t2,1.6000,0.037276
gb_Sigma3_t2,1.7000,0.056229
gb_Sigma3_t2,1.8000,0.046519
gb_Sigma3_t2,1.9000,0.039637
gb_Sigma3_t2,2.0000,0.024041
gb_Sigma3_t2,2.1000,0.015969
gb_Sigma3_t2,2.2000,0.007608
gb_Sigma3_t2,2.3000,0.013805
gb_Sigma3_t2,2.4000,0.029912
gb_Sigma3_t2,2.5000,0.039692
gb_Sigma3_t2,2.6000,0.022186
gb_Sigma3_t2,2.7000,0.022389
gb_Sigma3_t2,2.8000,0.026860
gb_Sigma3_t2,2.9000,0.017539
gb_Sigma3_t2,3.0000,0.004697
gb_Sigma3_t2,3.1000,0.014887
gb_Sigma3_t2,3.2000,0.006121
gb_Sigma3_t2,3.3000,0.007805
gb_Sigma3_t2,3.4000,0.009386
gb_Sigma3_t2,3.5000,0.004235
gb_Sigma3_t2,3.6000,0.006934
gb_Sigma3_t2,3.7000,0.012398
gb_Sigma3_t2,3.8000,0.007918
gb_Sigma3_t2,3.9000,0.006481
gb_Sigma3_t2,4.0000,0.001827
gb_Sigma3_t2,4.1000,0.004852
gb_Sigma3_t2,4.2000,0.004504
gb_Sigma3_t2,4.3000,0.002866
gb_Sigma3_t2,4.4000,0.000831
gb_Sigma3_t2,4.5000,0.001376
gb_Sigma3_t2,4.6000,0.000283
gb_Sigma3_t2,4.7000,0.000978
gb_Sigma3_t2,4.8000,0.000803
gb_Sigma3_t2,4.9000,0.000706
gb_Sigma3_t2,5.0000,0.000745
gb_Sigma3_t2_Li_vac_c1_s1,0.0000,0.076136
gb_Sigma3_t2_Li_vac_c1_s1,0.1000,0.046929
gb_Sigma3_t2_Li_vac_c1_s1,0.2000,0.014996
gb_Sigma3_t2_Li_vac_c1_s1,0.3000,0.005220
gb_Sigma3_t2_Li_vac_c1_s1,0.4000,0.014807
gb_Sigma3_t2_Li_vac_c1_s1,0.5000,0.016128
gb_Sigma3_t2_Li_vac_c1_s1,0.6000,0.009328
gb_Sigma3_t2_Li_vac_c1_s1,0.7000,0.015642
gb_Sigma3_t2_Li_vac_c1_s1,0.8000,0.018151
gb_Sigma3_t2_Li_vac_c1_s1,0.9000,0.027203
gb_Sigma3_t2_Li_vac_c1_s1,1.0000,0.025637
gb_Sigma3_t2_Li_vac_c1_s1,1.1000,0.022835
gb_Sigma3_t2_Li_vac_c1_s1,1.2000,0.033041
gb_Sigma3_t2_Li_vac_c1_s1,1.3000,0.028542
gb_Sigma3_t2_Li_vac_c1_s1,1.4000,0.048761
gb_Sigma3_t2_Li_vac_c1_s1,1.5000,0.037454
gb_Sigma3_t2_Li_vac_c1_s1,1.6000,0.047953
gb_Sigma3_t2_Li_vac_c1_s1,1.7000,0.051697
gb_Sigma3_t2_Li_vac_c1_s1,1.8000,0.040123
gb_Sigma3_t2_Li_vac_c1_s1,1.9000,0.021687
gb_Sigma3_t2_Li_vac_c1_s1,2.0000,0.008653
gb_Sigma3_t2_Li_vac_c1_s1,2.1000,0.004371
gb_Sigma3_t2_Li_vac_c1_s1,2.2000,0.031808
gb_Sigma3_t2_Li_vac_c1_s1,2.3000,0.041215
gb_Sigma3_t2_Li_vac_c1_s1,2.4000,0.042435
gb_Sigma3_t2_Li_vac_c1_s1,2.5000,0.059707
gb_Sigma3_t2_Li_vac_c1_s1,2.6000,0.037705
gb_Sigma3_t2_Li_vac_c1_s1,2.7000,0.020219
gb_Sigma3_t2_Li_vac_c1_s1,2.8000,0.009235
gb_Sigma3_t2_Li_vac_c1_s1,2.9000,0.010002
gb_Sigma3_t2_Li_vac_c1_s1,3.0000,0.003560
gb_Sigma3_t2_Li_vac_c1_s1,3.1000,0.010481
gb_Sigma3_t2_Li_vac_c1_s1,3.2000,0.021134
gb_Sigma3_t2_Li_vac_c1_s1,3.3000,0.033493
gb_Sigma3_t2_Li_vac_c1_s1,3.4000,0.018884
gb_Sigma3_t2_Li_vac_c1_s1,3.5000,0.006280
gb_Sigma3_t2_Li_vac_c1_s1,3.6000,0.001940
gb_Sigma3_t2_Li_vac_c1_s1,3.7000,0.004008
gb_Sigma3_t2_Li_vac_c1_s1,3.8000,0.003585
gb_Sigma3_t2_Li_vac_c1_s1,3.9000,0.001406
gb_Sigma3_t2_Li_vac_c1_s1,4.0000,0.002169
gb_Sigma3_t2_Li_vac_c1_s1,4.1000,0.005344
gb_Sigma3_t2_Li_vac_c1_s1,4.2000,0.004941
gb_Sigma3_t2_Li_vac_c1_s1,4.3000,0.002824
gb_Sigma3_t2_Li_vac_c1_s1,4.4000,0.000701
gb_Sigma3_t2_Li_vac_c1_s1,4.5000,0.001591
gb_Sigma3_t2_Li_vac_c1_s1,4.6000,0.001139
gb_Sigma3_t2_Li_vac_c1_s1,4.7000,0.000491
gb_Sigma3_t2_Li_vac_c1_s1,4.8000,0.001195
gb_Sigma3_t2_Li_vac_c1_s1,4.9000,0.000531
gb_Sigma3_t2_Li_vac_c1_s1,5.0000,0.000791
gb_Sigma3_t2_Li_vac_c1_s2,0.0000,0.044585
gb_Sigma3_t2_Li_vac_c1_s2,0.1000,0.009224
gb_Sigma3_t2_Li_vac_c1_s2,0.2000,0.011915
gb_Sigma3_t2_Li_vac_c1_s2,0.3000,0.021106
gb_Sigma3_t2_Li_vac_c1_s2,0.4000,0.027886
gb_Sigma3_t2_Li_vac_c1_s2,0.5000,0.050655
gb_Sigma3_t2_Li_vac_c1_s2,0.6000,0.016262
gb_Sigma3_t2_Li_vac_c1_s2,0.7000,0.039999
gb_Sigma3_t2_Li_vac_c1_s2,0.8000,0.030116
gb_Sigma3_t2_Li_vac_c1_s2,0.9000,0.033936
gb_Sigma3_t2_Li_vac_c1_s2,1.0000,0.043400
gb_Sigma3_t2_Li_vac_c1_s2,1.1000,0.027160
gb_Sigma3_t2_Li_vac_c1_s2,1.2000,0.014989
gb_Sigma3_t2_Li_vac_c1_s2,1.3000,0.030748
gb_Sigma3_t2_Li_vac_c1_s2,1.4000,0.030061
gb_Sigma3_t2_Li_vac_c1_s2,1.5000,0.046777
gb_Sigma3_t2_Li_vac_c1_s2,1.6000,0.040590
gb_Sigma3_t2_Li_vac_c1_s2,1.7000,0.013947
gb_Sigma3_t2_Li_vac_c1_s2,1.8000,0.003390
gb_Sigma3_t2_Li_vac_c1_s2,1.9000,0.015902
gb_Sigma3_t2_Li_vac_c1_s2,2.0000,0.018510
gb_Sigma3_t2_Li_vac_c1_s2,2.1000,0.018443
gb_Sigma3_t2_Li_vac_c1_s2,2.2000,0.002621
gb_Sigma3_t2_Li_vac_c1_s2,2.3000,0.018063
gb_Sigma3_t2_Li_vac_c1_s2,2.4000,0.007052
gb_Sigma3_t2_Li_vac_c1_s2,2.5000,0.010874
gb_Sigma3_t2_Li_vac_c1_s2,2.6000,0.014343
gb_Sigma3_t2_Li_vac_c1_s2,2.7000,0.017203
gb_Sigma3_t2_Li_vac_c1_s2,2.8000,0.001360
gb_Sigma3_t2_Li_vac_c1_s2,2.9000,0.014089
gb_Sigma3_t2_Li_vac_c1_s2,3.0000,0.013145
gb_Sigma3_t2_Li_vac_c1_s2,3.1000,0.008402
gb_Sigma3_t2_Li_vac_c1_s2,3.2000,0.019362
gb_Sigma3_t2_Li_vac_c1_s2,3.3000,0.018190
gb_Sigma3_t2_Li_vac_c1_s2,3.4000,0.006911
gb_Sigma3_t2_Li_vac_c1_s2,3.5000,0.003297
gb_Sigma3_t2_Li_vac_c1_s2,3.6000,0.005556
gb_Sigma3_t2_Li_vac_c1_s2,3.7000,0.008162
gb_Sigma3_t2_Li_vac_c1_s2,3.8000,0.007488
gb_Sigma3_t2_Li_vac_c1_s2,3.9000,0.006419
gb_Sigma3_t2_Li_vac_c1_s2,4.0000,0.004534
gb_Sigma3_t2_Li_vac_c1_s2,4.1000,0.001058
gb_Sigma3_t2_Li_vac_c1_s2,4.2000,0.002910
gb_Sigma3_t2_Li_vac_c1_s2,4.3000,0.002419
gb_Sigma3_t2_Li_vac_c1_s2,4.4000,0.001503
gb_Sigma3_t2_Li_vac_c1_s2,4.5000,0.001953
gb_Sigma3_t2_Li_vac_c1_s2,4.6000,0.000413
gb_Sigma3_t2_Li_vac_c1_s2,4.7000,0.001067
gb_Sigma3_t2_Li_vac_c1_s2,4.8000,0.000900
gb_Sigma3_t2_Li_vac_c1_s2,4.9000,0.000744
gb_Sigma3_t2_Li_vac_c1_s2,5.0000,0.000822
gb_Sigma3_t2_Li_vac_c2_s1,0.0000,0.055994
gb_Sigma3_t2_Li_vac_c2_s1,0.1000,0.015438
gb_Sigma3_t2_Li_vac_c2_s1,0.2000,0.021644
gb_Sigma3_t2_Li_vac_c2_s1,0.3000,0.006887
gb_Sigma3_t2_Li_vac_c2_s1,0.4000,0.018294
gb_Sigma3_t2_Li_vac_c2_s1,0.5000,0.036122
gb_Sigma3_t2_Li_vac_c2_s1,0.6000,0.047833
gb_Sigma3_t2_Li_vac_c2_s1,0.7000,0.038682
gb_Sigma3_t2_Li_vac_c2_s1,0.8000,0.066951
gb_Sigma3_t2_Li_vac_c2_s1,0.9000,0.055387
gb_Sigma3_t2_Li_vac_c2_s1,1.0000,0.047116
gb_Sigma3_t2_Li_vac_c2_s1,1.1000,0.040062
gb_Sigma3_t2_Li_vac_c2_s1,1.2000,0.023134
gb_Sigma3_t2_Li_vac_c2_s1,1.3000,0.021324
gb_Sigma3_t2_Li_vac_c2_s1,1.4000,0.045285
gb_Sigma3_t2_Li_vac_c2_s1,1.5000,0.030042
gb_Sigma3_t2_Li_vac_c2_s1,1.6000,0.032196
gb_Sigma3_t2_Li_vac_c2_s1,1.7000,0.038488
gb_Sigma3_t2_Li_vac_c2_s1,1.8000,0.028070
gb_Sigma3_t2_Li_vac_c2_s1,1.9000,0.046169
gb_Sigma3_t2_Li_vac_c2_s1,2.0000,0.020859
gb_Sigma3_t2_Li_vac_c2_s1,2.1000,0.015910
gb_Sigma3_t2_Li_vac_c2_s1,2.2000,0.018475
gb_Sigma3_t2_Li_vac_c2_s1,2.3000,0.015985
gb_Sigma3_t2_Li_vac_c2_s1,2.4000,0.024481
gb_Sigma3_t2_Li_vac_c2_s1,2.5000,0.017361
gb_Sigma3_t2_Li_vac_c2_s1,2.6000,0.008571
gb_Sigma3_t2_Li_vac_c2_s1,2.7000,0.005285
gb_Sigma3_t2_Li_vac_c2_s1,2.8000,0.007332
gb_Sigma3_t2_Li_vac_c2_s1,2.9000,0.009386
gb_Sigma3_t2_Li_vac_c2_s1,3.0000,0.012800
gb_Sigma3_t2_Li_vac_c2_s1,3.1000,0.021181
gb_Sigma3_t2_Li_vac_c2_s1,3.2000,0.023687
gb_Sigma3_t2_Li_vac_c2_s1,3.3000,0.003882
gb_Sigma3_t2_Li_vac_c2_s1,3.4000,0.001292
gb_Sigma3_t2_Li_vac_c2_s1,3.5000,0.002731
gb_Sigma3_t2_Li_vac_c2_s1,3.6000,0.011876
gb_Sigma3_t2_Li_vac_c2_s1,3.7000,0.009408
gb_Sigma3_t2_Li_vac_c2_s1,3.8000,0.009026
gb_Sigma3_t2_Li_vac_c2_s1,3.9000,0.003986
gb_Sigma3_t2_Li_vac_c2_s1,4.0000,0.002326
gb_Sigma3_t2_Li_vac_c2_s1,4.1000,0.002848
gb_Sigma3_t2_Li_vac_c2_s1,4.2000,0.003494
gb_Sigma3_t2_Li_vac_c2_s1,4.3000,0.002394
gb_Sigma3_t2_Li_vac_c2_s1,4.4000,0.001108
gb_Sigma3_t2_Li_vac_c2_s1,4.5000,0.001673
gb_Sigma3_t2_Li_vac_c2_s1,4.6000,0.000225
gb_Sigma3_t2_Li_vac_c2_s1,4.7000,0.001844
gb_Sigma3_t2_Li_vac_c2_s1,4.8000,0.000465
gb_Sigma3_t2_Li_vac_c2_s1,4.9000,0.000705
gb_Sigma3_t2_Li_vac_c2_s1,5.0000,0.000830
gb_Sigma3_t2_Li_vac_c2_s2,0.0000,0.059533
gb_Sigma3_t2_Li_vac_c2_s2,0.1000,0.030014
gb_Sigma3_t2_Li_vac_c2_s2,0.2000,0.022526
gb_Sigma3_t2_Li_vac_c2_s2,0.3000,0.030642
gb_Sigma3_t2_Li_vac_c2_s2,0.4000,0.032406
gb_Sigma3_t2_Li_vac_c2_s2,0.5000,0.033981
gb_Sigma3_t2_Li_vac_c2_s2,0.6000,0.016034
gb_Sigma3_t2_Li_vac_c2_s2,0.7000,0.039790
gb_Sigma3_t2_Li_vac_c2_s2,0.8000,0.032867
gb_Sigma3_t2_Li_vac_c2_s2,0.9000,0.038628
gb_Sigma3_t2_Li_vac_c2_s2,1.0000,0.017458
gb_Sigma3_t2_Li_vac_c2_s2,1.1000,0.013892
gb_Sigma3_t2_Li_vac_c2_s2,1.2000,0.031486
gb_Sigma3_t2_Li_vac_c2_s2,1.3000,0.035241
gb_Sigma3_t2_Li_vac_c2_s2,1.4000,0.017386
gb_Sigma3_t2_Li_vac_c2_s2,1.5000,0.021391
gb_Sigma3_t2_Li_vac_c2_s2,1.6000,0.023942
gb_Sigma3_t2_Li_vac_c2_s2,1.7000,0.022101
gb_Sigma3_t2_Li_vac_c2_s2,1.8000,0.054524
gb_Sigma3_t2_Li_vac_c2_s2,1.9000,0.072840
gb_Sigma3_t2_Li_vac_c2_s2,2.0000,0.063666
gb_Sigma3_t2_Li_vac_c2_s2,2.1000,0.029853
gb_Sigma3_t2_Li_vac_c2_s2,2.2000,0.024064
gb_Sigma3_t2_Li_vac_c2_s2,2.3000,0.025476
gb_Sigma3_t2_Li_vac_c2_s2,2.4000,0.006296
gb_Sigma3_t2_Li_vac_c2_s2,2.5000,0.019664
gb_Sigma3_t2_Li_vac_c2_s2,2.6000,0.023787
gb_Sigma3_t2_Li_vac_c2_s2,2.7000,0.020919
gb_Sigma3_t2_Li_vac_c2_s2,2.8000,0.007597
gb_Sigma3_t2_Li_vac_c2_s2,2.9000,0.009226
gb_Sigma3_t2_Li_vac_c2_s2,3.0000,0.023520
gb_Sigma3_t2_Li_vac_c2_s2,3.1000,0.033262
gb_Sigma3_t2_Li_vac_c2_s2,3.2000,0.020519
gb_Sigma3_t2_Li_vac_c2_s2,3.3000,0.002331
gb_Sigma3_t2_Li_vac_c2_s2,3.4000,0.005382
gb_Sigma3_t2_Li_vac_c2_s2,3.5000,0.009949
gb_Sigma3_t2_Li_vac_c2_s2,3.6000,0.015889
gb_Sigma3_t2_Li_vac_c2_s2,3.7000,0.018243
gb_Sigma3_t2_Li_vac_c2_s2,3.8000,0.010844
gb_Sigma3_t2_Li_vac_c2_s2,3.9000,0.007673
gb_Sigma3_t2_Li_vac_c2_s2,4.0000,0.005705
gb_Sigma3_t2_Li_vac_c2_s2,4.1000,0.003217
gb_Sigma3_t2_Li_vac_c2_s2,4.2000,0.000946
gb_Sigma3_t2_Li_vac_c2_s2,4.3000,0.001264
gb_Sigma3_t2_Li_vac_c2_s2,4.4000,0.002256
gb_Sigma3_t2_Li_vac_c2_s2,4.5000,0.001232
gb_Sigma3_t2_Li_vac_c2_s2,4.6000,0.000537
gb_Sigma3_t2_Li_vac_c2_s2,4.7000,0.000131
gb_Sigma3_t2_Li_vac_c2_s2,4.8000,0.001101
gb_Sigma3_t2_Li_vac_c2_s2,4.9000,0.000808
gb_Sigma3_t2_Li_vac_c2_s2,5.0000,0.000670
gb_Sigma3_t3,0.0000,0.053335
gb_Sigma3_t3,0.1000,0.007938
gb_Sigma3_t3,0.2000,0.022174
gb_Sigma3_t3,0.3000,0.015568
gb_Sigma3_t3,0.4000,0.017886
gb_Sigma3_t3,0.5000,0.035606
gb_Sigma3_t3,0.6000,0.030277
gb_Sigma3_t3,0.7000,0.031889
gb_Sigma3_t3,0.8000,0.009619
gb_Sigma3_t3,0.9000,0.040229
gb_Sigma3_t3,1.0000,0.038690
gb_Sigma3_t3,1.1000,0.035498
gb_Sigma3_t3,1.2000,0.029224
gb_Sigma3_t3,1.3000,0.018229
gb_Sigma3_t3,1.4000,0.026295
gb_Sigma3_t3,1.5000,0.020509
gb_Sigma3_t3,1.6000,0.035802
gb_Sigma3_t3,1.7000,0.034512
gb_Sigma3_t3,1.8000,0.036449
gb_Sigma3_t3,1.9000,0.044578
gb_Sigma3_t3,2.0000,0.034043
gb_Sigma3_t3,2.1000,0.010714
gb_Sigma3_t3,2.2000,0.014988
gb_Sigma3_t3,2.3000,0.005199
gb_Sigma3_t3,2.4000,0.015590
gb_Sigma3_t3,2.5000,0.006933
gb_Sigma3_t3,2.6000,0.004822
gb_Sigma3_t3,2.7000,0.008351
gb_Sigma3_t3,2.8000,0.017416
gb_Sigma3_t3,2.9000,0.007046
gb_Sigma3_t3,3.0000,0.011370
gb_Sigma3_t3,3.1000,0.007609
gb_Sigma3_t3,3.2000,0.016141
gb_Sigma3_t3,3.3000,0.014471
gb_Sigma3_t3,3.4000,0.007702
gb_Sigma3_t3,3.5000,0.012535
gb_Sigma3_t3,3.6000,0.010980
gb_Sigma3_t3,3.7000,0.012258
gb_Sigma3_t3,3.8000,0.009109
gb_Sigma3_t3,3.9000,0.001190
gb_Sigma3_t3,4.0000,0.005082
gb_Sigma3_t3,4.1000,0.003966
gb_Sigma3_t3,4.2000,0.004762
gb_Sigma3_t3,4.3000,0.002343
gb_Sigma3_t3,4.4000,0.002121
gb_Sigma3_t3,4.5000,0.000191
gb_Sigma3_t3,4.6000,0.001320
gb_Sigma3_t3,4.7000,0.000563
gb_Sigma3_t3,4.8000,0.000739
gb_Sigma3_t3,4.9000,0.000906
gb_Sigma3_t3,5.0000,0.000760
gb_Sigma3_t3_Li_vac_c1_s1,0.0000,0.049392
gb_Sigma3_t3_Li_vac_c1_s1,0.1000,0.017297
gb_Sigma3_t3_Li_vac_c1_s1,0.2000,0.006368
gb_Sigma3_t3_Li_vac_c1_s1,0.3000,0.004501
gb_Sigma3_t3_Li_vac_c1_s1,0.4000,0.020778
gb_Sigma3_t3_Li_vac_c1_s1,0.5000,0.017216
gb_Sigma3_t3_Li_vac_c1_s1,0.6000,0.048198
gb_Sigma3_t3_Li_vac_c1_s1,0.7000,0.051093
gb_Sigma3_t3_Li_vac_c1_s1,0.8000,0.038092
gb_Sigma3_t3_Li_vac_c1_s1,0.9000,0.015770
gb_Sigma3_t3_Li_vac_c1_s1,1.0000,0.005113
gb_Sigma3_t3_Li_vac_c1_s1,1.1000,0.008131
gb_Sigma3_t3_Li_vac_c1_s1,1.2000,0.010486
gb_Sigma3_t3_Li_vac_c1_s1,1.3000,0.004505
gb_Sigma3_t3_Li_vac_c1_s1,1.4000,0.004871
gb_Sigma3_t3_Li_vac_c1_s1,1.5000,0.017910
gb_Sigma3_t3_Li_vac_c1_s1,1.6000,0.029432
gb_Sigma3_t3_Li_vac_c1_s1,1.7000,0.036383
gb_Sigma3_t3_Li_vac_c1_s1,1.8000,0.006401
gb_Sigma3_t3_Li_vac_c1_s1,1.9000,0.012244
gb_Sigma3_t3_Li_vac_c1_s1,2.0000,0.009976
gb_Sigma3_t3_Li_vac_c1_s1,2.1000,0.012657
gb_Sigma3_t3_Li_vac_c1_s1,2.2000,0.017675
gb_Sigma3_t3_Li_vac_c1_s1,2.3000,0.021246
gb_Sigma3_t3_Li_vac_c1_s1,2.4000,0.023585
gb_Sigma3_t3_Li_vac_c1_s1,2.5000,0.025576
gb_Sigma3_t3_Li_vac_c1_s1,2.6000,0.025710
gb_Sigma3_t3_Li_vac_c1_s1,2.7000,0.028436
gb_Sigma3_t3_Li_vac_c1_s1,2.8000,0.022058
gb_Sigma3_t3_Li_vac_c1_s1,2.9000,0.010337
gb_Sigma3_t3_Li_vac_c1_s1,3.0000,0.016155
gb_Sigma3_t3_Li_vac_c1_s1,3.1000,0.019467
gb_Sigma3_t3_Li_vac_c1_s1,3.2000,0.018441
gb_Sigma3_t3_Li_vac_c1_s1,3.3000,0.017294
gb_Sigma3_t3_Li_vac_c1_s1,3.4000,0.017452
gb_Sigma3_t3_Li_vac_c1_s1,3.5000,0.014362
gb_Sigma3_t3_Li_vac_c1_s1,3.6000,0.004094
gb_Sigma3_t3_Li_vac_c1_s1,3.7000,0.004973
gb_Sigma3_t3_Li_vac_c1_s1,3.8000,0.006736
gb_Sigma3_t3_Li_vac_c1_s1,3.9000,0.008529
gb_Sigma3_t3_Li_vac_c1_s1,4.0000,0.004315
gb_Sigma3_t3_Li_vac_c1_s1,4.1000,0.004207
gb_Sigma3_t3_Li_vac_c1_s1,4.2000,0.005543
gb_Sigma3_t3_Li_vac_c1_s1,4.3000,0.001619
gb_Sigma3_t3_Li_vac_c1_s1,4.4000,0.000632
gb_Sigma3_t3_Li_vac_c1_s1,4.5000,0.001634
gb_Sigma3_t3_Li_vac_c1_s1,4.6000,0.000284
gb_Sigma3_t3_Li_vac_c1_s1,4.7000,0.001041
gb_Sigma3_t3_Li_vac_c1_s1,4.8000,0.000963
gb_Sigma3_t3_Li_vac_c1_s1,4.9000,0.000688
gb_Sigma3_t3_Li_vac_c1_s1,5.0000,0.000865
gb_Sigma3_t3_Li_vac_c1_s2,0.0000,0.051958
gb_Sigma3_t3_Li_vac_c1_s2,0.1000,0.025402
gb_Sigma3_t3_Li_vac_c1_s2,0.2000,0.016963
gb_Sigma3_t3_Li_vac_c1_s2,0.3000,0.029575
gb_Sigma3_t3_Li_vac_c1_s2,0.4000,0.008047
gb_Sigma3_t3_Li_vac_c1_s2,0.5000,0.007929
gb_Sigma3_t3_Li_vac_c1_s2,0.6000,0.016268
gb_Sigma3_t3_Li_vac_c1_s2,0.7000,0.026410
gb_Sigma3_t3_Li_vac_c1_s2,0.8000,0.034777
gb_Sigma3_t3_Li_vac_c1_s2,0.9000,0.042892
gb_Sigma3_t3_Li_vac_c1_s2,1.0000,0.047070
gb_Sigma3_t3_Li_vac_c1_s2,1.1000,0.013507
gb_Sigma3_t3_Li_vac_c1_s2,1.2000,0.001805
gb_Sigma3_t3_Li_vac_c1_s2,1.3000,0.007697
gb_Sigma3_t3_Li_vac_c1_s2,1.4000,0.010062
gb_Sigma3_t3_Li_vac_c1_s2,1.5000,0.029403
gb_Sigma3_t3_Li_vac_c1_s2,1.6000,0.042028
gb_Sigma3_t3_Li_vac_c1_s2,1.7000,0.032184
gb_Sigma3_t3_Li_vac_c1_s2,1.8000,0.029671
gb_Sigma3_t3_Li_vac_c1_s2,1.9000,0.035056
gb_Sigma3_t3_Li_vac_c1_s2,2.0000,0.034926
gb_Sigma3_t3_Li_vac_c1_s2,2.1000,0.040393
gb_Sigma3_t3_Li_vac_c1_s2,2.2000,0.060912
gb_Sigma3_t3_Li_vac_c1_s2,2.3000,0.045028
gb_Sigma3_t3_Li_vac_c1_s2,2.4000,0.003565
gb_Sigma3_t3_Li_vac_c1_s2,2.5000,0.035444
gb_Sigma3_t3_Li_vac_c1_s2,2.6000,0.050911
gb_Sigma3_t3_Li_vac_c1_s2,2.7000,0.045402
gb_Sigma3_t3_Li_vac_c1_s2,2.8000,0.037825
gb_Sigma3_t3_Li_vac_c1_s2,2.9000,0.027041
gb_Sigma3_t3_Li_vac_c1_s2,3.0000,0.011877
gb_Sigma3_t3_Li_vac_c1_s2,3.1000,0.013399
gb_Sigma3_t3_Li_vac_c1_s2,3.2000,0.021921
gb_Sigma3_t3_Li_vac_c1_s2,3.3000,0.028462
gb_Sigma3_t3_Li_vac_c1_s2,3.4000,0.019214
gb_Sigma3_t3_Li_vac_c1_s2,3.5000,0.017340
gb_Sigma3_t3_Li_vac_c1_s2,3.6000,0.009734
gb_Sigma3_t3_Li_vac_c1_s2,3.7000,0.002044
gb_Sigma3_t3_Li_vac_c1_s2,3.8000,0.010095
gb_Sigma3_t3_Li_vac_c1_s2,3.9000,0.009316
gb_Sigma3_t3_Li_vac_c1_s2,4.0000,0.008362
gb_Sigma3_t3_Li_vac_c1_s2,4.1000,0.006526
gb_Sigma3_t3_Li_vac_c1_s2,4.2000,0.007138
gb_Sigma3_t3_Li_vac_c1_s2,4.3000,0.004069
gb_Sigma3_t3_Li_vac_c1_s2,4.4000,0.002658
gb_Sigma3_t3_Li_vac_c1_s2,4.5000,0.001454
gb_Sigma3_t3_Li_vac_c1_s2,4.6000,0.000391
gb_Sigma3_t3_Li_vac_c1_s2,4.7000,0.001048
gb_Sigma3_t3_Li_vac_c1_s2,4.8000,0.000597
gb_Sigma3_t3_Li_vac_c1_s2,4.9000,0.000745
gb_Sigma3_t3_Li_vac_c1_s2,5.0000,0.000862
gb_Sigma3_t3_Li_vac_c2_s1,0.0000,0.020684
gb_Sigma3_t3_Li_vac_c2_s1,0.1000,0.009974
gb_Sigma3_t3_Li_vac_c2_s1,0.2000,0.013354
gb_Sigma3_t3_Li_vac_c2_s1,0.3000,0.023604
gb_Sigma3_t3_Li_vac_c2_s1,0.4000,0.015321
gb_Sigma3_t3_Li_vac_c2_s1,0.5000,0.038499
gb_Sigma3_t3_Li_vac_c2_s1,0.6000,0.017045
gb_Sigma3_t3_Li_vac_c2_s1,0.7000,0.019400
gb_Sigma3_t3_Li_vac_c2_s1,0.8000,0.017566
gb_Sigma3_t3_Li_vac_c2_s1,0.9000,0.021948
gb_Sigma3_t3_Li_vac_c2_s1,1.0000,0.031086
gb_Sigma3_t3_Li_vac_c2_s1,1.1000,0.025608
gb_Sigma3_t3_Li_vac_c2_s1,1.2000,0.037362
gb_Sigma3_t3_Li_vac_c2_s1,1.3000,0.023070
gb_Sigma3_t3_Li_vac_c2_s1,1.4000,0.046163
gb_Sigma3_t3_Li_vac_c2_s1,1.5000,0.051911
gb_Sigma3_t3_Li_vac_c2_s1,1.6000,0.032490
gb_Sigma3_t3_Li_vac_c2_s1,1.7000,0.008767
gb_Sigma3_t3_Li_vac_c2_s1,1.8000,0.014627
gb_Sigma3_t3_Li_vac_c2_s1,1.9000,0.028929
gb_Sigma3_t3_Li_vac_c2_s1,2.0000,0.006507
gb_Sigma3_t3_Li_vac_c2_s1,2.1000,0.023450
gb_Sigma3_t3_Li_vac_c2_s1,2.2000,0.025130
gb_Sigma3_t3_Li_vac_c2_s1,2.3000,0.012209
gb_Sigma3_t3_Li_vac_c2_s1,2.4000,0.011115
gb_Sigma3_t3_Li_vac_c2_s1,2.5000,0.019677
gb_Sigma3_t3_Li_vac_c2_s1,2.6000,0.022468
gb_Sigma3_t3_Li_vac_c2_s1,2.7000,0.026394
gb_Sigma3_t3_Li_vac_c2_s1,2.8000,0.023409
gb_Sigma3_t3_Li_vac_c2_s1,2.9000,0.015136
gb_Sigma3_t3_Li_vac_c2_s1,3.0000,0.014599
gb_Sigma3_t3_Li_vac_c2_s1,3.1000,0.010309
gb_Sigma3_t3_Li_vac_c2_s1,3.2000,0.001218
gb_Sigma3_t3_Li_vac_c2_s1,3.3000,0.014385
gb_Sigma3_t3_Li_vac_c2_s1,3.4000,0.018086
gb_Sigma3_t3_Li_vac_c2_s1,3.5000,0.008792
gb_Sigma3_t3_Li_vac_c2_s1,3.6000,0.007703
gb_Sigma3_t3_Li_vac_c2_s1,3.7000,0.006039
gb_Sigma3_t3_Li_vac_c2_s1,3.8000,0.002355
gb_Sigma3_t3_Li_vac_c2_s1,3.9000,0.009705
gb_Sigma3_t3_Li_vac_c2_s1,4.0000,0.002598
gb_Sigma3_t3_Li_vac_c2_s1,4.1000,0.003588
gb_Sigma3_t3_Li_vac_c2_s1,4.2000,0.004935
gb_Sigma3_t3_Li_vac_c2_s1,4.3000,0.003639
gb_Sigma3_t3_Li_vac_c2_s1,4.4000,0.001409
gb_Sigma3_t3_Li_vac_c2_s1,4.5000,0.001174
gb_Sigma3_t3_Li_vac_c2_s1,4.6000,0.001779
gb_Sigma3_t3_Li_vac_c2_s1,4.7000,0.000972
gb_Sigma3_t3_Li_vac_c2_s1,4.8000,0.000991
gb_Sigma3_t3_Li_vac_c2_s1,4.9000,0.000708
gb_Sigma3_t3_Li_vac_c2_s1,5.0000,0.000785
gb_Sigma3_t3_Li_vac_c2_s2,0.0000,0.057788
gb_Sigma3_t3_Li_vac_c2_s2,0.1000,0.013251
gb_Sigma3_t3_Li_vac_c2_s2,0.2000,0.023672
gb_Sigma3_t3_Li_vac_c2_s2,0.3000,0.016621
gb_Sigma3_t3_Li_vac_c2_s2,0.4000,0.017654
gb_Sigma3_t3_Li_vac_c2_s2,0.5000,0.017711
gb_Sigma3_t3_Li_vac_c2_s2,0.6000,0.044410
gb_Sigma3_t3_Li_vac_c2_s2,0.7000,0.059850
gb_Sigma3_t3_Li_vac_c2_s2,0.8000,0.028591
gb_Sigma3_t3_Li_vac_c2_s2,0.9000,0.024889
gb_Sigma3_t3_Li_vac_c2_s2,1.0000,0.052274
gb_Sigma3_t3_Li_vac_c2_s2,1.1000,0.048823
gb_Sigma3_t3_Li_vac_c2_s2,1.2000,0.024260
gb_Sigma3_t3_Li_vac_c2_s2,1.3000,0.025567
gb_Sigma3_t3_Li_vac_c2_s2,1.4000,0.056769
gb_Sigma3_t3_Li_vac_c2_s2,1.5000,0.036747
gb_Sigma3_t3_Li_vac_c2_s2,1.6000,0.052571
gb_Sigma3_t3_Li_vac_c2_s2,1.7000,0.052240
gb_Sigma3_t3_Li_vac_c2_s2,1.8000,0.030692
gb_Sigma3_t3_Li_vac_c2_s2,1.9000,0.007471
gb_Sigma3_t3_Li_vac_c2_s2,2.0000,0.024689
gb_Sigma3_t3_Li_vac_c2_s2,2.1000,0.002629
gb_Sigma3_t3_Li_vac_c2_s2,2.2000,0.037801
gb_Sigma3_t3_Li_vac_c2_s2,2.3000,0.029546
gb_Sigma3_t3_Li_vac_c2_s2,2.4000,0.020757
gb_Sigma3_t3_Li_vac_c2_s2,2.5000,0.020752
gb_Sigma3_t3_Li_vac_c2_s2,2.6000,0.026614
gb_Sigma3_t3_Li_vac_c2_s2,2.7000,0.022940
gb_Sigma3_t3_Li_vac_c2_s2,2.8000,0.021188
gb_Sigma3_t3_Li_vac_c2_s2,2.9000,0.025516
gb_Sigma3_t3_Li_vac_c2_s2,3.0000,0.027059
gb_Sigma3_t3_Li_vac_c2_s2,3.1000,0.015422
gb_Sigma3_t3_Li_vac_c2_s2,3.2000,0.008827
gb_Sigma3_t3_Li_vac_c2_s2,3.3000,0.010429
gb_Sigma3_t3_Li_vac_c2_s2,3.4000,0.005085
gb_Sigma3_t3_Li_vac_c2_s2,3.5000,0.011381
gb_Sigma3_t3_Li_vac_c2_s2,3.6000,0.018430
gb_Sigma3_t3_Li_vac_c2_s2,3.7000,0.012208
gb_Sigma3_t3_Li_vac_c2_s2,3.8000,0.002924
gb_Sigma3_t3_Li_vac_c2_s2,3.9000,0.007583
gb_Sigma3_t3_Li_vac_c2_s2,4.0000,0.006711
gb_Sigma3_t3_Li_vac_c2_s2,4.1000,0.004327
gb_Sigma3_t3_Li_vac_c2_s2,4.2000,0.002523
gb_Sigma3_t3_Li_vac_c2_s2,4.3000,0.000227
gb_Sigma3_t3_Li_vac_c2_s2,4.4000,0.001805
gb_Sigma3_t3_Li_vac_c2_s2,4.5000,0.001395
gb_Sigma3_t3_Li_vac_c2_s2,4.6000,0.000638
gb_Sigma3_t3_Li_vac_c2_s2,4.7000,0.000496
gb_Sigma3_t3_Li_vac_c2_s2,4.8000,0.000939
gb_Sigma3_t3_Li_vac_c2_s2,4.9000,0.000799
gb_Sigma3_t3_Li_vac_c2_s2,5.0000,0.000746
